WS_[m/s]	RotSpeed_[rpm]	BldPitch_[deg]	TSR_[-]	AeroCp_[-]	AeroCt_[-]	AeroPower_[kW]	BldRootFlapM_[kN.m]
3.0000	15.7160	1.6659	7.4246	0.4462	0.6377	3.7637	6.6135
4.0000	20.7762	1.6659	7.3614	0.4456	0.6357	8.6952	10.1721
5.0000	25.9127	1.6659	7.3451	0.4455	0.6352	16.8699	14.6697
6.0000	31.0742	1.6659	7.3401	0.4453	0.6350	29.0923	20.0468
7.0000	36.2430	1.6659	7.3380	0.4452	0.6349	46.1582	26.2235
8.0000	41.4120	1.6659	7.3364	0.4451	0.6347	68.8579	33.1398
9.0000	43.5625	1.6659	6.8597	0.4388	0.6176	96.6317	40.0507
10.0000	43.6215	1.6659	6.1819	0.4218	0.5840	127.4217	46.4137
11.0000	43.6844	1.6659	5.6279	0.3990	0.5459	160.3854	52.3836
